Sr. No.,Entity Name,Volume (AS a Sender),Value (As a sender),Volume(as a reciver),Value (as a reciver),,
1,ABHINANDAN URBAN COOP BANK AMRAVATI,0.12,2.80,0.07,2.83,,
2,ABHYUDAYA CO-OPERATIVE BANK,73.55,682.14,26.22,619.06,,
3,ACE COOPERATIVE BANK LTD,0.03,0.45,0.00,0.17,,
4,ADARNIYA P D PATILSAHEB SAHAKARI BANK LTD KARAD,0.76,12.76,0.39,9.01,,
5,ADARSH COOPERATIVE BANK RAJASTHAN,2.02,35.95,1.33,53.86,,
6,AGROHA COOPERATIVE URBAN BANK LTD,0.01,0.06,0.00,0.06,,
7,AHMEDABAD DISTRICT COOPERATIVE BANK,19.95,284.73,8.56,231.57,,
8,AHMEDNAGAR MERCHANTS CO-OP BANK LTD,2.79,61.94,1.96,71.52,,
9,AHMEDNAGAR SHAHAR SAHAKARI BANK MARYADIT,0.79,16.18,0.37,12.51,,
10,AIRTEL PAYMENTS BANK LIMITED,3680.27,20155.88,2486.98,25382.76,,
11,AKHAND ANAND CO-OP BANK LTD,0.92,21.64,0.44,17.66,,
12,ALAVI CO OPERATIVE BANK LTD,0.13,2.78,0.14,3.25,,
13,AMAN SAHAKARI BANK LTD,0.04,0.46,0.01,0.36,,
14,AMAZON,41.62,575.64,175.89,1906.35,,
15,AMBAJOGAI PEOPLES CO-OPERATIVE BANK LTD,2.89,41.15,1.76,40.71,,
16,AMBARNATH JAI HIND CO OPERATIVE BANK LTD,2.82,33.23,1.16,29.93,,
17,AMRELI JILLA MADHYASTHA SAHAKARI BANK LTD,2.23,50.65,1.02,41.73,,
18,AMRELI NAGARIK SAHAKARI BANK LTD,0.06,1.09,0.02,0.94,,
19,ANDHRA PRADESH GRAMEENA VIKAS BANK - IMPS,252.49,3803.22,133.03,3095.62,,
20,ANDHRA PRAGATHI GRAMEENA BANK,148.20,2384.86,86.00,2077.29,,
21,ANNASAHEB CHOUGULE URBAN CO-OP BANK LTD,0.20,3.39,0.08,2.46,,
22,APNA SAHAKARI BANK LTD,30.20,355.83,11.88,275.90,,
23,APPASAHEB BIRNALE SAHAKARI BANK LTD  DUDHGAON,0.12,1.90,0.05,1.31,,
24,APPNIT TECHNOLOGIES PRIVATE LIMITED,0.00,0.00,0.22,4.24,,
25,ARUNACHAL PRADESH RURAL BANK,6.00,65.19,3.75,57.60,,
26,ARVIND SAHAKARI BANK LTD,1.77,28.15,0.86,22.79,,
27,ARYAVART BANK,10.80,190.84,6.85,205.07,,
28,ASSAM GRAMIN VIKASH BANK,26.92,264.41,15.48,268.61,,
29,ASSOCIATE CO.OP. BANK LTD.,1.20,25.72,0.44,21.46,,
30,AU SMALL FINANCE BANK,439.16,7731.30,261.04,7459.97,,
31,AU SMALL FINANCE BANK CREDIT CARD,5.21,56.50,0.01,0.22,,
32,AXIS BANK,6340.76,111330.24,12796.18,173997.24,,
33,BAJAJ FINANCE LIMITED,5.01,86.72,0.35,1.83,,
34,BALASINOR NAGARIK SAHAKARI BANK LTD,0.09,1.64,0.05,1.36,,
35,BALITIKURI CO-OPERATIVE BANK LTD,0.02,0.31,0.02,0.40,,
36,BALOTRA URBAN CO OPERATIVE BANK LTD,0.68,12.35,0.39,10.46,,
37,BANDHAN BANK LIMITED,551.06,10897.80,347.17,10530.84,,
38,BANK OF AMERICA N.A.,0.06,1.03,0.04,5.13,,
39,BANK OF BARODA,8544.18,115992.56,3992.49,92848.52,,
40,BANK OF INDIA,4185.18,58310.31,2004.31,46739.91,,
41,BANK OF MAHARASHTRA,1406.56,17244.20,602.21,14545.44,,
42,BARAN NAGRIK SAHAKARI BANK LTD,0.24,4.27,0.21,6.00,,
43,BARODA GUJARAT GRAMIN BANK,34.97,376.07,15.05,303.10,,
44,BARODA RAJASTHAN KSHETRIYA GRAMIN BANK,115.97,1491.73,61.52,1341.15,,
45,BARODA U.P. BANK (ERSTWHILE BARODA UTTAR PRADESH GRAMIN BANK),179.70,1661.57,102.61,2043.17,,
46,BASSEIN CATHOLIC CO-OPERATIVE BANK LTD,25.72,378.99,10.69,306.81,,
47,BELLAD BAGEWADI URBAN SOUHARADA SAHAKARI BANK NYT,0.05,0.58,0.02,0.82,,
48,BETUL NAGRIK SAHAKARI BANK MYDT,0.03,0.30,0.01,0.43,,
49,BHADRADRI CO-OPERATIVE URBAN BANK LTD,2.07,34.68,1.15,33.20,,
50,"BHAGINI NIVEDITA SAHAKARI BANK LTD, PUNE",5.74,59.83,2.22,44.40,,
51,BHAUSAHEB BIRAJDAR URBAN CO-OPERATIVE BANK LTD OMERGA,0.00,0.00,0.00,0.01,,
52,"BHAUSAHEB SAHAKARI BANK LTD, UDGIR",0.00,0.00,0.00,0.01,,
53,BHAVANI URBAN COOPERATIVE BANK LTD GEORAI,0.05,0.77,0.05,1.17,,
54,BHAVNA RISHI CO OPERATIVE URBAN BANK LTD,0.49,10.44,0.33,11.56,,
55,BHAVNAGAR DISTRICT CO OPERATIVE BANK LTD,0.72,17.33,0.35,13.14,,
56,BHILWARA URBAN COOPERATIVE BANK LTD,0.25,5.20,0.16,5.09,,
57,BOMBAY MERCANTILE CO OPERATIVE BANK LTD,3.64,70.81,2.33,69.78,,
58,BRAHMADEODADA MANE SAHAKARI BANK LTD SOLAPUR,0.66,11.77,0.29,7.22,,
59,CANARA BANK,6107.25,84147.00,2975.33,73049.44,,
60,CANARA BANK CREDIT CARD,11.04,144.98,0.06,1.38,,
61,CAPITAL SMALL FINANCE BANK LTD.,12.10,245.26,5.83,224.15,,
62,CENTRAL BANK OF INDIA,1760.11,28219.13,914.21,23331.40,,
63,CHAITANYA GODAVARI GRAMEENA BANK,60.05,796.18,30.75,777.62,,
64,CHAITANYA MAHILA SAHAKARI BANK LTD VIJAYAPUR,0.01,0.23,0.01,0.22,,
65,CHARTERED SAHAKARI BANK NIYAMITHA,0.47,9.16,0.22,7.80,,
66,CHHATTISGARH RAJYA GRAMIN BANK,90.15,978.31,46.23,756.98,,
67,CHHATTISGARH RAJYA SAHAKARI BANK MYDT,0.87,17.67,0.27,8.26,,
68,CHITTORGARH URBAN CO OPERATIVE BANK LTD,0.15,2.30,0.11,3.13,,
69,CITIBANK CORPORATE,0.20,1.44,117.15,432.45,,
70,"CITIZEN COOPERATIVE BANK LTD., NOIDA",0.98,12.43,0.46,10.03,,
71,CITIZEN CREDIT CO-OPERATIVE BANK LTD.,2.69,28.69,0.96,25.34,,
72,CITIZENS CO-OPERATIVE BANK LTD.,0.54,10.98,0.29,12.15,,
73,CITY UNION BANK,380.31,7174.59,210.15,6352.99,,
74,COASTAL AREA LOCAL BANK,6.30,116.31,3.74,111.81,,
75,CONTAI COOPERATIVE BANK LTD,0.22,5.15,0.13,5.12,,
76,CSB BANK LIMITED,77.18,1324.39,43.03,1256.10,,
77,CUDDALORE DISTRICT CENTRAL CO-OP BANK,0.39,5.17,0.21,6.35,,
78,DAIVADNYA SAHAKARA BANK NIYAMIT,0.06,0.85,0.02,0.88,,
79,DAKSHIN BIHAR GRAMIN BANK (ERSTWHILE MADHYA BIHAR GRAMIN BANK),84.49,1173.05,57.89,1236.48,,
80,DAPOLI URBAN COOPERATIVE BANK LTD,0.43,7.41,0.28,6.69,,
81,DARUSSALAM CO-OPERATIVE URBAN BANK LTD.,4.05,55.79,2.20,56.37,,
82,DATTATRAYA MAHARAJ KALAMBE JAOLI SAHAKARI BANK LTD,2.93,40.23,1.50,39.48,,
83,DAUSA URBAN COOPERATIVE BANK LTD,0.10,1.93,0.13,4.64,,
84,DBS BANK INDIA LIMITED,250.75,3734.86,101.91,3533.68,,
85,DCB BANK LTD,61.58,1478.31,34.47,1492.31,,
86,DEENDAYAL NAGRI SAHAKARI BANK LTD,1.96,40.93,1.46,37.93,,
87,DEOGIRI NAGARI SAHAKARI BANK LTD,9.40,127.13,4.52,113.32,,
88,DEUTSCHE BANK,30.47,485.44,1.01,67.25,,
90,DEVELOPMENT CO OPERATIVE BANK LTD KANPUR,0.00,0.08,0.00,0.04,,
91,DHANALAKSHMI BANK,65.15,1092.67,39.49,952.21,,
92,DHANERA MERCANTILE CO-OP BANK LTD,2.68,49.35,1.13,42.79,,
93,DHARMAPURI DISTRICT CENTRAL CO-OPERATIVE BANK LTD,2.18,30.71,1.10,29.47,,
94,DHULE VIKAS SAHAKARI BANK LTD,0.01,0.20,0.00,0.30,,
95,DINDIGUL DISTRICT CENTRAL COOPERATIVE BANK,1.07,14.61,0.60,14.45,,
96,DOMBIVLI NAGARIK SAHAKARI BANK,27.72,389.62,10.10,271.85,,
97,DR. APPASAHEB URF SA. RE. PATIL JAYSINGPUR UDGAON SAHAKARI BANK LTD JAYSINGPUR,0.10,1.15,0.03,1.03,,
98,EBIX PAYMENT SERVICES PRIVATE LIMITED,0.01,0.16,0.00,0.04,,
99,EQUITAS SMALL FINANCE BANK,298.64,3553.19,134.95,3280.20,,
100,EROUTE TECHNOLOGIES PRIVATE LIMITED,12.82,53.41,6.72,35.88,,
101,ESAF SMALL FINANCE BANK LTD,217.95,2733.88,107.21,2355.05,,
102,FEDERAL BANK,1946.91,24970.83,3824.36,27855.60,,
103,FINCARE SMALL FINANCE BANK LIMITED,175.01,1229.05,88.06,1379.42,,
104,FINGROWTH COOPERATIVE BANK LTD.,1.20,23.88,0.55,21.37,,
105,FINO PAYMENTS BANK LIMITED FIP,1302.27,6284.92,710.03,9003.21,,
106,G P PARSIK SAHAKARI BANK LTD,42.41,619.51,16.98,447.32,,
107,GARAGEPRENEURS INTERNET PRIVATE LIMITED - SLICE,36.40,123.41,16.81,102.35,,
108,GODAVARI URBAN CO-OPERATIVE BANK LTD. NASHIK,0.10,1.45,0.04,1.56,,
109,GUARDIAN SOUHARDA SAHAKARI BANK NIYAMITA,0.61,5.70,0.23,5.44,,
110,GUJARAT AMBUJA CO OPERATIVE BANK LTD,0.07,1.59,0.03,1.49,,
111,HADAGALI URBAN CO-OPERATIVE BANK LIMITED  HADAGALI,0.02,0.31,0.01,0.40,,
112,HAVELI SAHAKARI BANK MARYADIT MOSHI,0.03,0.80,0.05,1.23,,
113,HDFC BANK,11669.89,221776.77,6459.25,212196.81,,
114,HIMACHAL PRADESH GRAMIN BANK,30.73,311.86,16.91,293.48,,
115,HIMATNAGAR NAGARIK SAHAKARI BANK LTD,0.42,6.71,0.21,6.60,,
116,HSBC BANK,96.00,1733.55,35.30,1273.40,,
117,"HUTATMA SAHAKARI BANK LTD.,  WALWA",1.72,23.00,0.83,18.88,,
118,ICICI BANK,6119.26,125260.91,6215.45,167897.59,,
119,ICICI BANK POCKETS -IPP,0.61,4.94,0.07,0.87,,
120,IDBI BANK,1469.92,25695.00,657.67,20372.53,,
121,IDFC BANK CREDIT CARD,47.39,318.12,0.21,2.81,,
122,IDFC FIRST BANK LTD,797.89,13036.79,349.82,13363.46,,
123,ILKAL CO-OPERATIVE BANK LTD,0.02,0.32,0.01,0.48,,
124,INDIA POST PAYMENTS BANK LIMITED,2742.14,13573.92,1361.99,12562.93,,
125,INDIAN BANK,3988.82,50921.24,2223.61,46039.62,,
126,INDIAN OVERSEAS BANK,1832.72,25668.04,917.76,21559.51,,
127,INDORE CLOTH MARKET CO OPERATIVE BANK LTD,0.03,0.68,0.02,1.31,,
128,INDORE PARASPAR SAHAKARI BANK LTD. INDORE,0.20,3.54,0.09,3.49,,
129,INDORE PREMIER CO OPERATIVE BANK LTD,0.57,7.50,0.20,7.67,,
130,INDRAPRASTHA SEHKARI BANK LTD,0.13,1.83,0.07,2.14,,
131,INDRAYANI COOPERATIVE BANK LTD,0.78,10.76,0.43,10.41,,
132,INDUSIND BANK,1451.79,21976.39,1229.72,21871.65,,
133,IRINJALAKUDA TOWN CO-OPERATIVE BANK LTD,0.93,13.58,0.64,13.29,,
134,JALGAON JANATA SAHAKARI BANK LTD JALGAON,10.32,163.81,5.64,147.03,,
135,"JALNA MERCHANTS CO.OP. BANK LTD., JALNA",1.76,34.49,1.53,42.13,,
136,JALORE NAGRIK SAHAKARI BANK LTD,0.63,12.64,0.41,11.84,,
137,JAMIA CO-OPERATIVE BANK LTD,0.64,11.28,0.45,9.39,,
138,JAMMU AND KASHMIR GRAMEEN BANK,20.12,233.04,10.83,232.44,,
139,JANA SMALL FINANCE BANK LTD,56.07,744.95,36.64,911.46,,
140,JANAKALYAN SAHAKARI BANK LTD.,6.52,87.47,2.51,66.33,,
141,JANASEVA SAHAKARI BANK LTD,12.69,150.59,4.91,120.74,,
142,JANATA SAHAKARI BANK,43.93,574.44,20.02,479.81,,
143,JANATA SAHAKARI BANK LTD AJARA,1.04,16.22,0.65,14.31,,
144,JANATHA SEVA CO OPERATIVE BANK LTD,0.38,4.25,0.18,5.94,,
145,JANKALYAN URBAN CO-OPERATIVE MARYADIT KALLAM,0.11,2.36,0.09,1.82,,
146,JHARKHAND RAJYA GRAMIN BANK (ERSTWHILE VANANCHAL GRAMIN BANK),44.35,620.15,29.90,591.46,,
147,JIJAMATA MAHILA SAHAKARI BANK LTD,0.87,14.30,0.42,12.25,,
148,JILA SAHAKARI KENDRIYA BANK MARYADIT RAIPUR,5.01,78.58,1.42,32.57,,
149,JILA SAHAKARI KENDRIYA BANK MYDT DURG,3.47,51.53,1.00,26.56,,
150,JILA SAHKARI KENDRIYA BANK MARYADIT KHARGONE,2.33,35.82,0.95,28.12,,
151,JIO PAYMENTS BANK LTD,142.46,909.70,130.82,1248.38,,
152,JIVAN COMMERCIAL CO-OPERATIVE BANK LTD.,0.24,5.30,0.13,5.16,,
153,JODHPUR NAGRIK SAHAKARI BANK LTD,0.18,3.26,0.10,3.50,,
154,JOGINDRA CENTRAL COOPERATIVE BANK LTD,1.07,14.72,0.52,11.23,,
155,KALLAPPANNA AWADE ICHALKARANJI JANATA SAHKARI BANK,9.76,119.91,4.02,103.29,,
156,KALYAN JANATA SAHAKARI BANK,23.91,308.45,8.73,224.80,,
157,KANAKA MAHALAKSHMI CO-OPERATIVE BANK LTD.,2.13,36.12,1.17,37.62,,
158,KANCHEEPURAM CENTRAL COOPERATIVE BANK,1.21,15.45,0.65,16.81,,
159,KANKARIA MANINAGAR NAGARIK SAHAKARI BANK LTD,0.60,15.26,0.31,12.75,,
160,KANYAKUMARI DISTRICT CENTRAL COOPERATIVE BANK,0.20,3.01,0.11,3.54,,
161,KARNATAKA BANK,1010.31,14178.33,469.97,12228.95,,
162,KARNATAKA GRAMIN BANK (ERSTWHILE PRAGATHI KRISHNA GRAMIN BANK),246.19,3627.46,127.47,3115.81,,
163,KARNATAKA MAHILA SAHAKARA BANK NIYAMITHA,0.24,5.15,0.14,4.94,,
164,KARNATAKA VIKAS GRAMEENA BANK,122.13,1187.34,60.70,1101.65,,
165,KARUR VYSYA BANK,634.42,13209.38,356.52,12078.62,,
166,KASHMIR MERCANTILE CO OPERATIVE BANK LTD,0.27,2.84,0.18,3.46,,
167,KERALA GRAMIN BANK,275.79,3261.30,154.41,2815.03,,
168,KHARDAH COOPERATIVE BANK LTD,0.03,0.29,0.02,0.28,,
169,KOKAN MERCANTILE CO-OP. BANK LTD.,7.35,108.28,3.72,95.37,,
170,KOLHAPUR DIST. CENTRAL CO-OP. BANK LTD.,9.20,110.73,2.74,85.41,,
171,KOLHAPUR MAHILA SAHAKARI BANK LTD. KOLHAPUR,0.27,3.44,0.18,3.75,,
172,KOTAK MAHINDRA BANK,6707.33,72936.98,2733.62,60962.05,,
173,KOTAK MAHINDRA BANK CREDIT CARD,66.87,554.41,0.00,0.08,,
174,KOTTAYAM CO-OPERATIVE URBAN BANK LTD,0.13,2.21,0.13,2.29,,
175,KOYANA SAHAKARI BANK LTD  KARAD,0.21,2.87,0.16,2.31,,
176,KRISHNA BHIMA SAMRUDDHI LOCAL AREA BANK,2.44,32.56,1.67,33.87,,
177,KRISHNA MERCANTILE CO-OP BANK LTD,0.01,0.07,0.00,0.17,,
178,LAKHIMPUR URBAN COOPERATIVE BANK LTD,0.03,0.30,0.02,0.53,,
179,LAXMI URBANCOOP BANK LTD LATUR,0.37,8.33,0.24,7.93,,
180,"LIC EMPLOYEES CO-OPERATIVE BANK LTD,UDUPI",0.02,0.46,0.01,0.32,,
181,LILUAH CO-OPERATIVE BANK LTD,0.12,1.66,0.07,2.21,,
182,LIVQUIK TECHNOLOGY INDIA PVT LTD,1.54,26.58,0.51,8.51,,
183,LOKMANGAL CO OP BANK LTD SOLAPUR,0.66,9.81,0.34,11.34,,
184,LOKVIKAS NAGARI SAHAKARI BANK LTD AURANGABAD,0.22,3.23,0.10,3.00,,
185,LONAVALA SAHAKARI BANK LTD,1.75,22.10,1.04,21.44,,
186,M S CO-OPERATIVE BANK LIMITED,0.04,0.99,0.03,1.19,,
187,MADHYA PRADESH RAJYA SAHAKARI BANK MARYADIT,0.97,11.06,0.39,9.40,,
188,MADURAI DISTRICT CENTRAL COOPERATIVE BANK,0.77,10.65,0.43,11.10,,
189,MAHALAKSHMI CO-OPERATIVE BANK LIMITED,0.11,1.42,0.05,1.05,,
190,MAHANAGAR CO-OPERATIVE BANK,17.99,288.79,6.67,211.41,,
191,MAHANAGAR NAGRIK SAHAKARI BANK MARYADIT,0.39,7.95,0.28,7.31,,
192,MAHARASHTRA GRAMIN BANK,218.80,2701.84,114.64,2327.18,,
193,MAHARASHTRA NAGARI SAHAKARI BANK MARYADIT LATUR,0.09,2.39,0.08,2.00,,
194,MAHATMA FULE URBAN COOP BANK LTD AMRAVATI,0.21,5.15,0.13,4.26,,
195,MAHAVEER COOPERATIVE URBAN BANK LTD,0.44,7.88,0.39,10.62,,
196,MAHESH SAHAKARI BANK LTD,1.62,21.34,0.71,23.63,,
197,MAHESH URBAN CO-OPERATIVE BANK LTD PARBHANI,0.13,3.38,0.10,3.69,,
198,MAHILA  NAGRIK SAHAKARI BANK MARYADIT MAHASAMUND,0.07,1.16,0.03,0.95,,
199,MALVIYA URBAN CO-OPERATIVE BANK LTD.,0.40,8.83,0.21,10.67,,
200,MANIPUR RURAL BANK,3.76,52.81,2.52,53.69,,
201,MANN DESHI MAHILA SAHAKARI BANK. LTD.,1.30,12.95,0.89,12.55,,
202,MANSING CO-OPERATIVE BANK LTD,0.40,4.35,0.23,4.28,,
203,MANVI PATTANA SOUHARDA SAHAKARI BANK NI.,0.72,12.30,0.51,12.94,,
204,"MARATHA CO-OPERATIVE BANK LTD., BELGAUM",0.66,8.32,0.29,8.37,,
205,MEGHALAYA RURAL BANK,11.21,103.10,6.12,94.29,,
206,MEHSANA URBAN CO-OPERATIVE BANK,14.39,350.01,6.06,257.56,,
207,MIZORAM RURAL BANK,48.04,697.75,33.57,614.03,,
208,MODEL CO-OP. BANK LTD.,4.70,53.76,1.85,44.76,,
209,MOTI URBAN CO-OPERATIVE BANK LTD TALODA,0.02,0.38,0.01,0.48,,
210,MUZAFFARNAGAR DISTRICT COOPERATIVE BANK LTD,0.74,11.81,0.34,11.15,,
211,"NAGARIK SAHAKARI BANK MARYADIT, VIDISHA",0.18,3.43,0.09,2.38,,
212,NAGRIK SAHAKARI MARYADIT GWALIOR,0.44,6.14,0.22,6.00,,
213,NANDANI SAHAKARI BANK LTD NANDANI,0.53,8.49,0.27,7.08,,
214,NANDURBAR MERCHANTS CO-OPERATIVE BANK LTD NANDURBAR,0.00,0.00,0.00,0.02,,
215,NAVANAGARA URBAN CO-OPERATIVE BANK LTD,0.14,2.89,0.07,2.96,,
216,NAVI MUMBAI CO-OPERATIVE BANK LTD,0.76,12.69,0.40,12.53,,
217,NAVSARJAN INDUSTRIAL CO OPERATIVE BANK LTD,0.09,1.26,0.04,1.00,,
218,NEW INDIA CO-OP BANK LTD,2.03,29.73,0.70,22.31,,
219,NILGIRIS DISTRICT CENTRAL COOPERATIVE BANK,0.84,10.69,0.47,11.38,,
220,NKGSB CO-OPERATIVE BANK,21.68,264.24,7.67,222.74,,
221,NORTH EAST SMALL FINANCE BANK LTD,22.97,340.39,17.47,288.40,,
222,NORTHERN RAILWAY PRIMARY COOPERATIVE BANK,0.09,1.74,0.02,1.02,,
223,NSDL PAYMENTS BANK LIMITED,116.48,640.23,51.82,550.91,,
224,NUTAN NAGARIK SAHAKARI BANK LTD.,1.70,26.24,0.72,30.71,,
225,NYAYAMITRA SAHAKARI BANK NIYAMITA,0.00,0.10,0.00,0.19,,
226,ONE MOBIKWIK SYSTEMS LIMITED,36.22,433.63,350.03,1548.82,,
227,PALI URBAN CO-OPERATIVE BANK LIMITED,0.37,6.50,0.32,8.44,,
228,PALUS SAHAKARI BANK LTD,1.29,20.02,0.71,19.72,,
229,PASCHIM BANGA GRAMIN BANK,6.36,86.73,4.07,102.43,,
230,PATAN NAGARIK SAHAKARI BANK LTD.,0.43,7.46,0.33,8.63,,
231,"PAVANA SAHAKARI BANK LTD,  PUNE",1.49,20.42,0.60,16.81,,
232,PAYPOINT INDIA NETWORK PRIVATE LIMITED,1.95,63.31,3.34,78.89,,
233,PAYTM PAYMENTS BANK,124.86,950.24,0.00,0.00,,
234,PAYU PAYMENTS PRIVATE LIMITED,0.00,0.04,0.00,0.01,,
235,PEOPLES CO-OPERATIVE BANK LTD DHOLKA,0.01,0.33,0.01,0.44,,
236,PEOPLES URBAN CO-OPERATIVE BANK LTD,0.34,4.32,0.26,6.58,,
237,POORNAWDI NAGRIK SAHAKARI BANK LTD,2.30,34.81,1.41,39.65,,
238,PRATHAMA UP GRAMIN BANK (ERSTWHILE SARVA UP GRAMIN BANK),122.99,1353.97,70.39,1369.74,,
239,PRERANA CO OPERATIVE BANK LTD,1.12,16.99,0.50,15.12,,
240,PRIME CO-OPERATIVE BANK LTD.,3.22,58.69,1.31,40.94,,
241,PRIYADARSHANI NAGARI SAHAKARI BANK MARYADIT,8.39,121.54,5.17,105.72,,
242,PRIYADARSHANI URBAN CO-OP BANK LTD,0.08,2.18,0.06,2.41,,
243,PUDUKOTTAI DISTRICT CENTRAL COOPERATIVE BANK,0.59,8.33,0.34,9.08,,
244,PUDUVAI BHARATHIAR GRAMA BANK,0.42,4.37,0.20,6.15,,
245,PUNE CANTONMENT SAHAKARI BANK LTD.,1.55,21.22,0.96,19.97,,
246,PUNE DISTRICT CENTRAL CO-OPERATIVE BANK LTD,5.01,64.62,1.73,63.35,,
247,PUNE PEOPLES CO OPERATIVE BANK LTD,4.43,60.81,1.67,46.75,,
248,PUNE URBAN CO-OP BANK LTD,1.24,17.93,0.59,15.90,,
249,PUNJAB AND SIND BANK,353.58,4480.54,166.20,3889.57,,
250,PUNJAB GRAMIN BANK,44.55,525.83,21.17,472.87,,
251,PUNJAB NATIONAL BANK,7329.60,103495.37,3226.19,80735.70,,
252,PUNJAB NATIONAL BANK CREDIT CARD,16.52,177.13,0.09,1.50,,
253,PUSAD URBAN CO-OP BANK LTD.,0.87,16.95,0.57,15.39,,
254,RAJADHANI CO OP URBAN BANK LTD,0.55,9.64,0.25,9.73,,
255,RAJAPUR URBAN COOPERATIVE BANK LTD,0.76,9.21,0.40,8.76,,
256,RAJARAMBAPU SAHAKARI BANK LTD PETH,3.02,40.24,0.87,29.21,,
257,RAJARSHI SHAHU SAHAKARI BANK LTD,3.02,50.79,1.90,48.91,,
258,RAJASTHAN MARUDHARA GRAMIN BANK,219.30,2783.70,110.03,2523.15,,
259,RAJE VIKRAMSINH GHATAGE CO-OPERATIVE BANK LTD.KAGAL,0.38,5.95,0.22,5.49,,
260,RAJGURUNAGAR SAHAKARI  BANK LTD,7.32,108.14,3.21,92.26,,
261,RAJKOT NAGARIK SAHAKARI BANK LTD,18.11,302.93,8.13,242.49,,
262,RAJKOT PEOPLES COOPERATIVE BANK LTD,0.30,6.48,0.16,8.46,,
263,RAJLAXMI URBAN CO OPERATIVE BANK LTD,0.11,1.39,0.06,1.70,,
264,RAMANATHAPURAM DISTRICT CENTRAL COOPERATIVE BANK,0.58,8.79,0.35,10.41,,
265,RAMPUR ZILA SAHKARI BANK LTD,0.31,4.99,0.16,4.17,,
266,"RANI CHANNAMMA MAHILA SAHAKARI BANK NIYAMIT , BELAGAVI",0.40,4.85,0.20,9.40,,
267,RAPIPAY FINTECH PRIVATE LIMITED,0.22,2.98,0.16,2.41,,
268,RATNAGIRI DISTRICT CENTRAL CO-OPERATIVE BANK LTD,0.81,12.67,0.25,9.76,,
269,RBL BANK LIMITED,141.37,2556.21,357.13,4111.77,,
270,RESERVE BANK EMPLOYEES COOPERATIVE BANK LIMITED,0.01,0.12,0.00,0.16,,
271,S S L S A KURUNDWAD URBAN BANK LTD,0.52,7.41,0.23,6.27,,
272,SADALGA URBAN SOUHARDA SAHAKARI BANK NIYAMIT,0.09,1.21,0.06,1.55,,
273,SADHANA SAHAKARI BANK LTD,3.47,48.60,1.79,40.13,,
274,SADHANA SAHAKARI BANK LTD YES BANK,0.13,2.75,0.11,4.07,,
275,SAIBABA NAGARI SAHAKARI BANK MARYADIT SAILU,1.73,33.29,1.24,28.88,,
276,SALEM DISTRICT CENTRAL COOPERATIVE BANK,1.12,15.52,0.56,15.25,,
277,SAMARTH SAHAKARI BANK LTD. SOLAPUR,7.33,95.01,4.04,80.81,,
278,SAMARTH SAHAKARI BANK MARYADIT JALNA,0.82,15.69,0.53,12.08,,
279,SAMATA CO OPERATIVE DEVELOPMENT BANK LTD,0.31,4.12,0.20,3.32,,
280,SAMATA SAHAKARI BANK LTD,0.74,11.86,0.40,10.56,,
281,SAMPADA SAHAKARI BANK LTD PUNE,0.87,11.16,0.46,9.21,,
282,SAMRUDDHI COOPERATIVE BANK LTD NAGPUR,0.11,1.61,0.05,1.51,,
283,SANDUR PATTANA SOUHARDA SAHAKARI BANK NI,0.32,6.17,0.24,5.62,,
284,SANMITRA MAHILA NAGARI SAHAKARI BANK MARYADIT CHANDRAPUR,0.06,1.90,0.03,1.09,,
285,SANT SOPANKAKA SAHAKARI BANK LTD,2.96,42.11,1.57,39.78,,
286,SAPTAGIRI GRAMEENA BANK,5.24,84.26,2.46,87.96,,
287,SARAKARI NAUKARARA SAHAKARI BANK NIYAMAT VIJAYAPUR,0.12,2.94,0.07,3.36,,
288,SARASPUR NAGARIK CO-OP BANK LTD,2.07,39.20,0.86,32.69,,
289,SARASWAT CO-OPERATIVE BANK,222.49,2913.74,73.62,2188.43,,
290,SARDAR SINGH NAGRIK SAHKARI BANK MARYADIT,0.04,1.12,0.04,1.21,,
291,SARDAR VALLABHBHAI SAHAKARI BANK LTD,0.14,2.62,0.20,8.40,,
292,SARVA HARYANA GRAMIN BANK,173.80,1882.44,80.18,1577.11,,
293,SARVODAYA COMMERCIAL CO-OP. BANK LTD.,1.74,31.78,0.94,34.50,,
294,SAURASHTRA GRAMIN BANK-IMPS,23.55,354.34,10.21,286.30,,
295,SBI CARDS AND PAYMENT SERVICES LIMITED,145.55,1217.23,0.50,5.88,,
296,SBM BANK INDIA LTD.,19.64,175.25,8.55,184.17,,
297,SBPP CO-OPERATIVE BANK LIMITED,1.25,21.53,0.72,16.40,,
298,SHARAD SAHAKARI BANK LTD,2.38,30.83,1.25,38.70,,
299,SHIVALIK SMALL FINANCE BANK LIMITED,9.98,150.05,5.60,150.54,,
300,SHRAMIK NAGRIK SAHKARI BANK LTD,0.00,0.13,0.00,0.22,,
301,SHREE BALAJI URBAN CO OPERATIVE BANK LTD,0.04,0.60,0.04,1.07,,
302,SHREE BASAVESHWAR URBAN CO OPERATIVE BANK LTD,0.04,0.64,0.03,0.78,,
303,SHREE DHARATI CO-OPERATIVE BANK LTD.,0.19,3.62,0.11,3.69,,
304,SHREE KADI NAGARIK SAHAKARI BANK LTD,3.96,71.02,1.77,57.19,,
305,SHREE MAHALAXMI URBAN CO OPERATIVE CREDIT BANK LTD,0.43,6.80,0.28,7.11,,
306,SHREE MAHAVIR SAHAKARI BANK LTD,0.83,10.30,0.18,4.74,,
307,SHREE MAHESH CO-OPERATIVE BANK LTD,0.11,1.70,0.07,3.11,,
308,SHREE MAHUVA NAGRIK SAHAKARI BANK LTD,0.07,1.38,0.04,1.55,,
309,SHREE PANCHGANGA NAGARI SAHAKARI BANK LTD,1.22,15.41,0.63,12.64,,
310,SHREE VARDHAMAN SAHAKARI BANK LTD.,0.04,0.62,0.05,1.37,,
311,SHREE WARANA SAHAKARI BANK LTD,2.04,27.55,0.89,23.73,,
312,SHRI ADINATH CO OP BANK LTD,0.48,7.06,0.23,5.07,,
313,SHRI ANAND NAGARI SAHAKARI BANK LIMITED,0.06,1.16,0.04,1.00,,
314,SHRI ARIHANT CO-OP. BANK LTD.,0.70,16.96,0.43,16.18,,
315,"SHRI BASAVESHWAR SAHAKARI BANK NYT., BAGALKOT",0.83,17.12,0.51,15.44,,
316,"SHRI BHARAT URBAN CO-OPERATIVE BANK LTD,  JAYSINGPUR",0.65,9.03,0.37,7.23,,
317,SHRI CHATRAPATI SHIVAJI MAHARAJ SAHAKARI BANK NIYAMITH,0.12,2.53,0.07,2.39,,
318,SHRI CHHANI NAGRIK SAHKARI BANK LTD,0.06,1.40,0.04,1.41,,
319,SHRI CHHATRAPATI RAJARSHI SHAHU URBAN CO-OP. BANK LTD. BEED,10.00,221.39,6.18,200.25,,
320,SHRI DURGADEVI MAHILA SAHAKARI BANK NIYAMITH,0.01,0.12,0.01,0.16,,
321,SHRI GAJANAN MAHARAJ URBAN CO.OP. BANK LTD. BHOKARDAN,0.18,5.17,0.14,4.61,,
322,SHRI JANATA SAHAKARI BANK LTD.HALOL,0.22,4.80,0.11,3.71,,
323,SHRI MAHALAXMI COOPERATIVE BANK LTD KOLHAPUR,0.50,6.90,0.19,5.08,,
324,SHRI MAHILA SEWA SAHAKARI BANK LTD.,0.79,8.36,0.44,9.01,,
325,SHRI RAJKOT DISTRICT CO-OPERATIVE BANK LTD.,4.35,91.58,1.77,68.40,,
326,SHRI RUKMINI SAHAKARI BANK LTD,0.00,0.02,0.00,0.59,,
327,SHRI VEERSHAIV CO-OPERATIVE BANK LTD,2.75,38.64,1.25,32.16,,
328,SHRI YASHWANT SAHAKARI BANK MARYADIT KUDITRE,0.29,3.89,0.17,3.47,,
329,SHRI. D. T. PATIL CO-OPERATIVE BANK LTD CHIKODI,0.04,0.57,0.01,0.59,,
330,SHRIKRISHNA COOPERATIVE BANK LTD UMRER,0.19,4.40,0.12,3.58,,
331,SHRIRAM URBAN CO-OPERATIVE BANK LTD,0.01,0.21,0.02,0.13,,
332,SIDDHESHWAR URBAN COOP BANK MARYADIT SILLOD,0.11,2.89,0.17,4.11,,
333,"SINDHUDURG DISTRICT CENTRAL CO. OP. BANK LTD., SINDHUDURG",5.35,65.05,2.16,57.00,,
334,SIVAGANGAI DISTRICT CENTRAL COOPERATIVE BANK,0.24,3.95,0.14,4.17,,
335,SMRITI NAGRIK SAHAKARI BANK MARYADIT MANDSAUR,2.08,38.41,1.39,34.76,,
336,SONEBHADRA NAGAR SAHKARI BANK LIMITED,0.08,1.33,0.06,1.28,,
337,SPICE MONEY LIMITED,0.01,0.02,0.00,0.03,,
338,SREE CHARAN SOUHARDHA CO-OPERATIVE BANK LTD,0.37,5.56,0.15,5.00,,
339,SREENIDHI SOUHARDA SAHAKARI BANK NIYAMITHA,0.30,7.21,0.13,5.94,,
340,SRI GANAPATHI URBAN CO OP BANK LTD,0.02,0.36,0.01,0.33,,
341,SRI GOKARNANATH CO-OPERATIVE BANK LTD,0.03,0.41,0.02,0.76,,
342,SRI RAMA CO-OPERATIVE BANK LIMITED,0.05,0.66,0.04,1.03,,
343,SRI SEETHARAGHAVA SOUHARDA SAHAKARA BANK NIYAMITHA,0.05,1.24,0.04,1.12,,
344,SRI SUDHA CO-OPERATIVE BANK LTD,0.28,3.44,0.16,4.97,,
345,SRI VASAVAMBA CO-OP. BANK LTD.,0.42,9.45,0.34,9.08,,
346,STANDARD CHARTERED BANK,242.08,3954.36,46.29,2186.26,,
347,STATE BANK OF INDIA,35445.41,534730.93,15477.34,390411.27,,
348,STERLING URBAN CO-OPERATIVE BANK LTD.,1.45,23.05,0.72,22.14,,
349,SUCO SOUHARDA SAHAKARI BANK-IMPS,10.34,145.46,6.25,140.86,,
350,SUDHA CO-OPERATIVE URBAN BANK LTD,0.35,10.89,0.26,12.30,,
351,"SUNDERLAL SAWJI URBAN CO-OP BANK LTD,  JINTUR",1.88,36.98,1.23,40.17,,
352,SURAT NATIONAL CO-OPERATIVE BANK LTD,1.80,34.71,0.81,29.18,,
353,SURYODAY SMALL FINANCE BANK LIMITED,57.29,476.11,34.26,625.96,,
354,SUVARNAYUG SAHAKARI BANK LTD.,4.58,67.70,2.16,59.54,,
355,TAMIL NADU GRAMA BANK,8.52,123.00,4.50,148.08,,
356,TAMILNAD MERCANTILE BANK LIMITED,349.08,5904.69,254.41,6006.25,,
357,TELANGANA GRAMEENA BANK,115.54,1867.76,54.52,1514.61,,
358,TELANGANA STATE COOPERATIVE APEX BANK LTD,11.91,178.77,5.72,170.98,,
359,TEXTILE TRADERS CO-OPERATIVE BANK LIMITED,0.12,1.61,0.05,2.00,,
360,THANE BHARAT SAHAKARI BANK LTD,11.43,138.82,4.29,107.24,,
361,THANE JANATA SAHAKARI BANK,92.09,1196.69,38.24,927.55,,
362,THANJAVUR DISTRICT CENTRAL COOPERATIVE BANK,0.31,4.11,0.16,4.41,,
363,THE A.P. MAHESH CO-OPERATIVE URBAN BANK LTD,4.25,61.80,2.53,107.56,,
364,THE ABHINAV SAHAKARI BANK LTD,1.67,20.29,0.75,18.65,,
365,THE ADARSH CO-OPERATIVE URBAN BANK LTD.,11.84,190.09,6.10,160.67,,
366,THE ADILABAD DISTRICT CO-OP CENTRAL BANK LTD.,0.98,19.46,0.54,17.73,,
367,THE AGRASEN CO-OPERATIVE URBAN BANK LTD,0.44,10.55,0.42,16.41,,
368,THE AGRASEN NAGARI SAHAKARI BANK LTD,0.06,1.57,0.03,1.35,,
369,THE AHMEDABAD MERCANTILE COOPERATIVE BANK LTD,3.68,76.63,1.42,58.46,,
370,THE AHMEDNAGAR DISTRICT CENTRAL COOP BANK LTD,4.36,66.95,1.03,38.86,,
371,THE AJARA URBAN CO OP BANK LTD,2.61,33.91,1.59,31.22,,
372,THE AKOLA DISTRICT CENTRAL CO-OP.BANK LTD,6.79,100.13,2.40,69.91,,
373,THE AKOLA JANATA COMMERCIAL COOPERATIVE BANK LTD,0.98,18.75,0.59,26.90,,
374,THE AKOLA URBAN CO OPERATIVE BANK LTD,1.03,19.73,0.70,23.03,,
375,THE AMBIKA MAHILA SAHAKARI BANK LTD. AHMEDNAGAR,0.02,0.35,0.03,0.81,,
376,THE AMRAVATI ZILLA PARISHAD SHIKSHAK SAHAKARI BANK,0.20,4.11,0.04,2.38,,
377,THE ANAND MERCANTILE CO-OP. BANK LTD.,0.12,2.36,0.09,3.18,,
378,THE ANDHRA PRADESH STATE COOPERATIVE BANK LTD,4.03,48.77,2.03,48.45,,
379,THE AP RAJARAJESWARI MAHILA CO OP URBAN BANK LTD,0.02,0.44,0.01,0.40,,
380,THE ASHTA PEOPLES CO-OP BANK LTD ASHTA,0.43,7.28,0.19,5.68,,
381,THE BABASAHEB DESHMUKH SAHAKARI BANK LTD,0.14,3.35,0.10,3.49,,
382,THE BANASKANTHA DISTRICT CENTRAL CO-OP. BANK LTD.,44.88,548.44,12.64,293.60,,
383,THE BANASKANTHA MERCANTILE CO-OPERATIVE BANK LTD.,2.78,45.37,1.27,43.34,,
384,THE BANGALORE CITY CO-OPERATIVE BANK LIMITED,0.00,0.08,0.00,0.17,,
385,THE BARAMATI SAHAKARI BANK LIMITED,10.64,155.07,4.81,128.65,,
386,THE BARDOLI NAGRIK SAHAKARI BANK LTD,0.08,1.80,0.06,1.42,,
387,THE BARODA CENTRAL COOP BANK LTD,4.10,44.81,1.54,34.41,,
388,THE BARODA CITY CO OPERATIVE BANK LTD,0.23,3.71,0.19,4.44,,
389,THE BAVLA NAGRIK SAHAKARI BANK LTD,0.08,1.39,0.04,1.21,,
390,THE BELLARY DIST COOPERATIVE CENTRAL BANK LTD,1.74,38.31,0.83,26.59,,
391,THE BHAGYALAKSHMI MAHILA SAHAKARI BANK LTD,0.49,10.63,0.43,14.44,,
392,THE BHAGYODAYA CO-OPERATIVE BANK LTD,0.24,5.20,0.12,5.10,,
393,THE BHARAT CO OPERATIVE BANK MUMBAI LTD,52.10,655.35,20.54,519.28,,
394,THE BHARUCH DISTRICT CENTRAL COOP BANK LTD,0.81,11.58,0.27,8.02,,
395,THE BHUJ COMMERCIAL CO OP BANK LTD,0.19,5.39,0.19,8.24,,
396,THE BHUJ MERCENTILE COOP BANK LTD,0.07,1.38,0.03,1.07,,
397,THE BICHOLIM URBAN COOPERATIVE BANK LTD,0.45,4.18,0.13,3.21,,
398,THE BURDWAN CENTRAL CO OP BANK LTD,0.81,13.07,0.43,9.07,,
399,THE BUSINESS CO OPERATIVE BANK LTD,0.74,14.28,0.45,12.18,,
400,THE CHANDIGARH STATE CO-OP BANK LTD,0.18,2.60,0.09,2.39,,
401,THE CHANDWAD MERCHANTS CO-OPERATIVE BANK LTD,0.02,0.25,0.01,0.67,,
402,THE CHEMBUR NAGARIK SAHAKARI BANK LTD,1.90,23.10,1.03,21.88,,
403,THE CHENNAI CENTRAL COOPERATIVE BANK LTD,1.46,19.73,0.90,24.74,,
404,THE CHIKHLI URBAN CO-OP BANK LTD.,0.07,1.36,0.04,1.49,,
405,THE CHIPLUN URBAN COOPERATIVE BANK LTD,0.38,5.21,0.20,4.26,,
406,THE CHITTOOR DISTRICT CO-OP CENTRAL BANK LTD,0.16,2.73,0.09,3.53,,
407,THE COIMBATORE DISTRICT CENTRAL CO-OP BANK LIMITED,1.03,13.26,0.49,12.76,,
408,THE COMMERCIAL CO OPERATIVE BANK LTD KOLHAPUR,0.50,7.73,0.25,7.84,,
409,THE COMMERCIAL CO-OPERATIVE BANK LTD,0.06,1.43,0.05,3.28,,
410,THE CO-OP BANK OF MEHSANA LTD,0.22,4.46,0.10,4.15,,
411,THE CO-OPERATIVE BANK OF RAJKOT LTD,0.30,6.45,0.15,7.77,,
412,THE COSMOS CO-OPERATIVE BANK LTD,80.01,930.82,144.55,2441.09,,
413,THE DAHOD MERCANTILE CO-OP BANK LTD,0.41,8.01,0.29,7.97,,
414,THE DAHOD URBAN CO-OPERATIVE BANK LTD,0.83,13.99,0.64,15.18,,
415,THE DAVANGERE HARIHAR URBAN SAHAKARA BANK NIYAMITHA,0.27,5.46,0.23,4.44,,
416,THE DAVANGERE URBAN CO OP BANK LTD,0.03,0.27,0.02,0.47,,
417,THE DHANBAD CENTRAL COOPERATIVE BANK LTD,0.31,4.82,0.26,3.96,,
418,THE DISTRICT CENTRAL CO OP BANK LTD KHAMMAM,0.85,17.08,0.41,15.76,,
419,THE DISTRICT CO-OPERATIVE CENTRAL BANK LTD.MEDAK,3.42,56.37,1.64,47.39,,
420,THE EENADU CO-OP.URBAN BANK LTD,1.15,17.44,0.68,16.40,,
421,THE ERODE DISTRICT CENTRAL COOPERATIVE BANK LTD,0.70,10.92,0.31,9.63,,
422,THE FINANCIAL CO OPERATIVE BANK LTD,0.19,4.39,0.09,4.87,,
423,THE GADCHIROLI DISTRICT CENTRAL CO-OP. BANK LTD.,3.16,45.80,1.47,29.09,,
424,THE GANDEVI PEOPLES CO OPERATIVE BANK LTD,0.25,3.88,0.13,3.37,,
425,THE GANDHI GUNJ CO-OPERATIVE BANK LTD,0.06,2.01,0.06,2.64,,
426,THE GANDHIDHAM CO OPERATIVE BANK LTD,0.08,1.05,0.06,1.70,,
427,THE GANDHIDHAM MERCANTILE CO-OPERATIVE BANK LTD,0.08,1.41,0.04,1.73,,
428,THE GANDHINAGAR NAGARIK CO-OPERATIVE BANK LTD,0.24,4.69,0.10,4.16,,
429,THE GANDHINAGAR URBAN COOP BANK LTD,0.07,1.24,0.07,1.44,,
430,THE GAYATRI CO-OPERATIVE URBAN BANK LTD.,33.74,583.73,15.48,547.86,,
431,THE GOA URBAN CO-OPERATIVE BANK LTD,0.05,0.56,0.02,0.40,,
432,THE GODHRA CITY CO-OPERATIVE BANK LTD. GODHRA,0.00,0.01,0.00,0.05,,
433,THE GODHRA URBAN COOPERATIVE BANK LTD,0.37,9.53,0.32,10.64,,
434,THE GRAIN MERCHANTS CO-OPERATIVE BANK LTD,0.01,0.29,0.01,0.25,,
435,THE GREATER BOMBAY CO-OPERATIVE BANK LIMITED,6.57,85.36,3.08,63.46,,
436,THE GUJARAT STATE CO-OP BANK LTD,5.94,96.87,2.43,75.29,,
437,THE GUNTUR COOPERATIVE URBAN BANK LTD,0.32,5.22,0.18,5.97,,
438,THE HARYANA STATE CO-OPERATIVE APEX BANK LTD,0.29,3.72,0.09,2.81,,
439,THE HASSAN DISTRICT CO-OPERATIVE CENTRAL BANK LTD,0.09,1.77,0.04,1.53,,
440,THE HASTI CO-OP. BANK LTD.,4.59,98.08,2.95,87.00,,
441,THE HIMACHAL PRADESH STATE COOPERATIVE BANK LTD.,22.72,230.41,9.00,141.03,,
442,THE IDAR NAGRIK SAHAKARI BANK LIMITED,0.05,1.20,0.05,1.11,,
443,THE JALGAON PEOPLES CO.OP.BANK LTD,8.71,123.84,3.96,115.36,,
444,THE JAMKHANDI URBAN CO-OPERATIVE BANK LTD,0.35,4.19,0.26,5.98,,
445,THE JAMMU & KASHMIR BANK LIMITED,611.88,6557.40,335.70,5341.15,,
446,THE JAMPETA CO OPERATIVE URBAN BANK LTD,0.68,9.16,0.36,10.03,,
447,THE JANATA CO-OPERATIVE BANK LTD,0.11,2.68,0.07,2.49,,
448,THE JUNAGADH COMMERCIAL CO-OPERATIVE BANK LTD,0.42,8.99,0.26,9.85,,
449,THE JUNAGADH JILLA SAHAKARI BANK LTD,0.49,12.25,0.22,11.86,,
450,THE KAIRA DISTRICT CENTRAL CO-OP. BANK LTD.,15.33,163.75,5.04,99.35,,
451,THE KAKATIYA CO-OPERATIVE URBAN BANK LTD,0.45,7.93,0.27,8.13,,
452,THE KAKINADA CO-OPERATIVE TOWN BANK LTD,0.42,8.44,0.25,10.18,,
453,THE KALUPUR COMMERCIAL CO-OP BANK LTD,23.66,387.20,8.69,313.89,,
454,THE KANGRA CENTRAL CO-OPERATIVE BANK LTD,4.06,44.63,1.73,48.52,,
455,THE KARIMNAGAR DISTRICT CO OPERATIVE CENTRAL BANK LTD,6.60,153.64,2.62,135.32,,
456,THE KARNATAKA STATE CO-OPERATIVE APEX BANK LTD,4.55,77.52,2.06,73.37,,
457,THE KARNAVATI CO OPERATIVE BANK LTD,1.59,30.08,0.68,26.05,,
458,THE KERALA STATE CO-OPERATIVE BANK LTD,21.12,262.79,11.72,312.89,,
459,THE KHAMGAON URBAN CO-OPERATIVE BANK LTD,1.86,35.19,1.23,33.16,,
460,THE KHATTRI COOPERATIVE URBAN BANK LIMITED,0.11,1.72,0.06,2.07,,
461,THE KODAGU DISTRICT CO-OP CENTRAL BANK LTD,0.57,12.23,0.24,9.36,,
462,THE KODINAR TALUKA COOPERATIVE BANKING UNION LTD,1.00,14.53,0.40,12.15,,
463,THE KODUNGALLUR TOWN CO OPERATIVE BANK LTD,0.40,4.24,0.36,7.39,,
464,THE KOLHAPUR URBAN CO-OP BANK LTD,3.06,40.50,1.62,34.05,,
465,THE KOPARGAON PEOPLES CO-OP.BANK LTD,0.06,1.31,0.04,2.19,,
466,THE KOTTAKKAL COOPERATIVE URBAN BANK LTD,1.21,18.41,0.78,16.15,,
467,THE KRANTHI CO-OPERATIVE URBAN BANK LTD,0.37,8.77,0.44,7.21,,
468,THE KUKARWADA NAGARIK SAHAKARI BANK LTD,0.32,7.37,0.14,7.47,,
469,THE KUMBAKONAM CENTRAL CO-OPERATIVE BANK LTD,0.83,11.00,0.49,11.69,,
470,THE LATUR URBAN COOP BANK LTD LATUR,0.36,5.78,0.18,6.08,,
471,THE LUNAWADA PEOPLES COOPERATIVE BANK LTD,0.04,0.85,0.05,1.49,,
472,THE MAHARASHTRA MANTRALAYA AND ALLIED OFFICES CO OPERATIVE BANK LTD,0.10,1.70,0.05,2.12,,
473,THE MAHARASHTRA STATE COOPERATIVE BANK LIMITED,1.55,19.20,0.74,22.09,,
474,THE MAHAVEER CO OPERATIVE BANK LTD,0.14,2.92,0.10,3.64,,
475,THE MAKARPURA INDUSTRIAL ESTATE COOP BANK LTD,0.06,1.07,0.04,1.10,,
476,THE MALAD SAHAKARI BANK LIMITED,1.40,19.96,0.71,17.28,,
477,THE MANDVI NAGRIK SAHAKARI BANK LTD,0.16,1.92,0.08,1.86,,
478,THE MEGHALAYA COOPERATIVE APEX BANK LTD,2.28,22.39,1.08,19.75,,
479,THE MEHSANA DISTRICT CENTRAL CO OP BANK LTD,0.85,11.06,0.21,7.27,,
480,THE MEHSANA NAGARIK SAHAKARI BANK LTD,0.14,2.95,0.07,2.94,,
481,THE MERCHANTS LIBERAL COOPERATIVE BANK LTD GADAG,0.01,0.32,0.01,0.68,,
482,"THE MERCHANTS SOUHARDA SAHAKARA BANK NI., CHITADURGA",0.25,5.15,0.14,4.49,,
483,THE MIZORAM COOPERATIVE APEX BANK LTD,2.40,44.53,1.78,36.41,,
484,THE MODASA NAGARIK SAHAKARI BANK LIMITED,0.16,3.09,0.12,3.67,,
485,THE MUMBAI MAHANAGARPALIKA SHIKSHAN VIBHAG SAHAKARI BANK LTD,0.01,0.06,0.00,0.05,,
486,THE MUNICIPAL CO-OPERATIVE BANK LTD,12.55,143.70,2.04,58.59,,
487,THE MUSLIM COOPERATIVE BANK LTD PUNE,2.77,44.29,1.55,42.52,,
488,THE NADIAD PEOPLES CO OP BANK LTD,0.01,0.23,0.01,0.30,,
489,THE NAINITAL BANK LTD,25.86,276.36,11.93,256.68,,
490,THE NALGONDA DIST CO-OP CENTRAL BANK LTD,1.53,31.03,0.66,28.51,,
491,THE NANDED MERCHANTS COOP BANK LTD,0.62,14.87,0.52,18.03,,
492,THE NANDURA URBAN CO-OP BANK LTD. NANDURA,1.49,23.31,0.96,25.90,,
493,THE NARODA NAGRIK CO OPERATIVE BANK LTD,0.14,2.28,0.07,2.50,,
494,THE NASIK MERCHANTS COOPERATIVE BANK LTD,3.16,56.40,1.55,53.09,,
495,THE NASIK ROAD DEOLALI VYAPARI SAHAKARI BANK LTD,0.45,7.68,0.22,5.98,,
496,THE NATIONAL CO-OPERATIVE BANK LTD,1.13,16.09,0.52,15.47,,
497,THE NAVAL DOCKYARD CO-OPERATIVE BANK,0.30,4.75,0.08,3.12,,
498,THE NAVNIRMAN CO-OPERATIVE BANK LTD,0.37,8.50,0.28,13.64,,
499,THE NAWANAGAR CO OPERATIVE BANK LTD,0.30,4.66,0.12,6.35,,
500,THE NEW URBAN CO-OPERATIVE BANK LTD RAMPUR,0.91,17.74,0.66,17.83,,
501,THE PANCHMAHAL DISTRICT CO OPERATIVE BANK LTD,12.40,96.84,4.56,82.48,,
502,THE PANCHSHEEL MERCANTILE CO-OP BANK LTD,0.00,0.02,0.00,0.09,,
503,THE PANIPAT URBAN COOPERATIVE BANK LTD,0.86,14.13,0.60,18.53,,
504,THE PIMPALGAON MERCHANTS CO OPERATIVE BANK LTD,0.33,6.54,0.17,5.22,,
505,THE PIONEER URBAN CO-OPERATIVE BANK LTD,0.02,0.36,0.01,0.54,,
506,THE POCHAMPALLY CO-OPERATIVE URBAN BANK LTD,4.19,82.68,2.49,79.27,,
507,THE PRATAP CO-OPERATIVE BANK LTD,0.35,6.21,0.24,5.37,,
508,THE QUILON CO-OPERATIVE URBAN BANK LTD,0.04,0.54,0.03,1.72,,
509,THE RAICHUR DISTRICT CENTRAL COOP BANK LTD RAICHUR,0.47,9.26,0.21,8.15,,
510,THE RAIGAD DISTRICT CO OPERATIVE BANK LTD ALIBAG,0.86,13.22,0.41,10.63,,
511,THE RAILWAY EMPLOYEES COOPERATIVE BANK LTD,0.18,3.55,0.04,2.60,,
512,THE RAIPUR URBAN MERCANTILE CO OP BANK LTD,0.08,1.23,0.05,1.10,,
513,THE RAJASTHAN STATE CO OPERATIVE BANK LTD,0.23,2.56,0.17,4.55,,
514,THE RAJKOT COMMERCIAL CO-OPERATIVE BANK,0.22,4.76,0.15,5.17,,
515,THE RANUJ NAGRIK SAHAKARI BANK LTD,0.09,1.64,0.03,1.59,,
516,THE S.S.K. CO-OP. BANK LTD.,0.28,4.86,0.20,4.75,,
517,THE SABARKANTHA DIST. CENT. CO.OP. BANK LTD.,22.52,248.35,6.92,156.27,,
518,THE SANGAMNER MERCHANTS CO OPERATIVE BANK LTD,0.86,9.10,0.61,12.14,,
519,THE SARVODAYA NAGARIK SAHAKARI BANK LTD,0.65,9.91,0.36,9.19,,
520,THE SARVODAYA SAHAKARI BANK LTD,0.67,9.48,0.28,9.90,,
521,THE SARVODAYA SAHAKARI BANK LTD MODASA,0.15,3.03,0.14,3.79,,
522,"THE SATARA DISTRICT CENTRAL CO-OP. BANK LTD., SATARA",20.60,281.04,9.77,207.62,,
523,THE SATARA SAHAKARI BANK LTD,1.37,20.91,0.73,18.86,,
524,THE SAURASHTRA CO-OPERATIVE BANK LTD,0.37,6.30,0.19,7.65,,
525,THE SHAHADA PEOPLES COOP BANK LTD,0.12,3.08,0.13,3.75,,
526,THE SHAMRAO VITHAL COOPERATIVE BANK LTD,70.77,1011.93,25.14,742.16,,
527,THE SHILLONG COOPERATIVE URBAN BANK LTD,0.06,0.82,0.04,0.81,,
528,THE SHORANUR CO OPERATIVE URBAN BANK LTD,0.03,0.31,0.02,0.61,,
529,"THE SIRSI URBAN SAHAKARI BANK LTD,  SIRSI",0.58,9.40,0.44,9.48,,
530,THE SOUTH INDIAN BANK LIMITED,515.25,8975.05,337.97,8310.82,,
531,THE SULTANS BATTERY CO-OPERATIVE URBAN BANK LTD,0.23,3.67,0.13,3.66,,
532,THE SURAT DISTRICT COOPERATIVE BANK,13.49,181.46,5.17,138.51,,
533,THE SURAT MERCANTILE CO-OP BANK LTD,0.48,11.54,0.19,7.44,,
534,THE SURAT PEOPLES COOP BANK LTD,6.87,129.86,2.57,97.24,,
535,THE SUTEX CO-OPERATIVE BANK LTD,3.53,67.75,1.35,54.45,,
536,THE TAMIL NADU STATE APEX CO OPERATIVE BANK LTD,5.17,61.23,2.73,62.04,,
537,THE THANE DIST CENTRAL CO OP. BANK LTD,14.07,149.66,5.95,125.05,,
538,THE TIRUCHIRAPPALLI DISTRICT CENTRAL COOPERATIVE BANK LTD,1.26,18.72,0.63,19.53,,
539,THE TIRUVANNAMALAI DISTRICT CENTRAL COOPERATIVE BANK LTD,0.83,11.56,0.40,11.50,,
540,THE UDAIPUR MAHILA URBAN COOP BANK LTD,0.78,10.59,0.32,9.41,,
541,THE UDAIPUR URBAN CO-OPERATIVE BANK LTD.,0.73,12.46,0.36,12.77,,
542,THE UDUPI CO OPERATIVE TOWN BANK LTD,0.28,4.28,0.16,4.05,,
543,THE UMRETH URBAN CO OPERATIVE BANK LTD,0.02,0.54,0.02,1.05,,
544,THE UNION CO OPERATIVE BANK LTD,0.34,7.11,0.19,6.32,,
545,THE URBAN COOP BANK LTD DHARANGAON,0.78,12.17,0.47,11.34,,
546,THE URBAN COOP BANK LTD NO 1758 PERINTHALMANNA,0.35,4.95,0.22,4.76,,
547,THE UTTARSANDA PEOPLES COOP BANK LTD UTTARSANDA,0.00,0.13,0.00,0.10,,
548,THE VAISH CO OPERATIVE NEW BANK LTD,0.05,0.88,0.04,0.86,,
549,THE VALLABH VIDYANAGAR COMMERCIAL CO-OPERATIVE BANK LTD.,0.25,4.32,0.12,3.97,,
550,"THE VARACHHA CO-OP BANK LTD, SURAT",15.31,376.75,5.13,268.12,,
551,THE VERAVAL MERCANTILE CO-OPERATIVE BANK LTD,0.08,0.85,0.04,2.54,,
552,THE VERAVAL PEOPLES COOP BANK LTD,0.06,0.78,0.04,2.16,,
553,THE VIJAY COOPERATIVE BANK LTD,1.07,25.99,0.70,24.78,,
554,THE VIJAYAPURA DISTRICT CENTRAL CO-OPERATIVE BANK LTD VIJAYAPURA,0.54,10.58,0.19,8.52,,
555,THE VISAKHAPATNAM COOPERATIVE BANK LTD.,5.95,106.78,3.20,109.89,,
556,"THE VISHWESHWAR SAHAKARI BANK LTD.,  PUNE",7.84,110.94,3.09,91.34,,
557,THE WARANGAL DISTRICT COOPERATIVE CENTRAL BANK LTD,0.97,17.59,0.40,16.67,,
558,THE WASHIM URBAN CO-OPERATIVE BANK LTD,0.01,0.09,0.01,0.56,,
559,THE YADAGIRI LAKSHMI NARASIMHA SWAMY CO-OP URBAN BANK LTD,0.32,6.20,0.21,6.79,,
560,THE ZOROASTRIAN CO OPERATIVE BANK LTD,0.15,2.55,0.08,3.74,,
561,THOOTHUKUDI DISTRICT CENTRAL COOPERATIVE BANK,0.42,5.66,0.23,5.90,,
562,TIRUNELVELI DISTRICT CENTRAL COOPERATIVE BANK LTD,0.54,7.28,0.30,7.88,,
563,TIRUPATI URBAN CO-OPERATIVE BANK LTD,1.83,22.52,0.71,18.56,,
564,Total,126813.33,1846491.63,78160.99,1690213.90,,
565,TRANSCORP INTERNATIONAL LIMITED,0.11,0.93,0.07,0.23,,
566,TRANSERV  LIMITED,1.10,13.84,0.23,3.57,,
567,TRI O TECH SOLUTIONS PRIVATE LIMITED,507.71,640.86,243.25,673.12,,
568,TRIPURA GRAMIN BANK,19.60,211.65,8.09,142.04,,
569,TRIPURA STATE CO OPERATIVE BANK LTD,1.59,21.43,0.63,14.27,,
570,TUMKUR GRAIN MERCHANTS CO-OPERATIVE BANK LTD,0.71,11.54,0.38,14.41,,
571,UCO BANK,1722.12,19992.30,863.09,18426.16,,
572,UDAIPUR MAHILA SAMRUDHI URBAN COOP BANK LTD,0.45,7.31,0.23,6.69,,
573,UJJIVAN SMALL FINANCE BANK LIMITED,416.07,4856.27,218.78,4400.08,,
574,UMA CO OPERATIVE BANK LTD,0.01,0.31,0.01,0.21,,
575,UMIYA URBAN CO OPERATIVE BANK LTD,0.03,0.43,0.02,0.80,,
576,UNIMONI FINANCIAL SERVICE PVT LTD,0.00,0.09,0.00,0.00,,
577,UNION BANK OF INDIA,8179.74,111528.71,3536.48,89415.65,,
578,UNITY SMALL FINANCE BANK LIMITED,0.81,12.32,0.38,11.62,,
579,UNJHA NAGARIK SAHAKARI BANK LTD,0.04,0.88,0.02,1.11,,
580,URBAN CO OPERATIVA BANK LTD SIDDHARTHNAGAR,0.20,1.83,0.16,3.34,,
581,URBAN COOPERATIVE BANK LTD BAREILLY,1.14,19.76,0.62,15.98,,
582,UTKARSH SMALL FINANCE BANK LIMITED,69.51,1028.20,64.06,1344.58,,
583,UTTAR PRADESH CO-OPERATIVE BANK LTD,1.11,15.96,0.57,13.01,,
584,UTTARAKHAND GRAMIN BANK - IMPS,55.36,541.28,25.19,466.50,,
585,VAISHYA NAGARI SAHAKARI BANK LTD,1.22,26.04,1.20,32.68,,
586,VAISHYA SAHAKARI BANK LTD,0.37,4.67,0.21,4.82,,
587,VALMIKI URBAN COOPERATIVE BANK LTD,0.75,12.24,0.57,10.75,,
588,VALSAD DISTRICT CENTRAL CO OPERATIVE BANK LTD,0.59,7.97,0.28,7.31,,
589,VARDHAMAN MAHILA CO OPERATIVE URBAN BANK LTD,0.42,8.24,0.22,9.02,,
590,VASAI JANATA SAHAKARI BANK LTD,0.94,12.92,0.42,13.26,,
591,VASAI VIKAS SAHAKARI BANK LTD,9.56,132.00,3.70,95.31,,
592,VASUNDHARA MAHILA NAGARI SAHAKARI BANK. LTD AMBEJOGAI,0.07,0.89,0.07,1.36,,
593,VEERASHAIVA SAHAKARI BANK LTD,0.26,2.58,0.13,3.46,,
594,VELLORE DISTRICT CENTRAL COOPERATIVE BANK,1.28,16.65,0.64,15.49,,
595,VIDARBHA MERCHANTS URBAN CO-OP BANK LTD,0.16,2.35,0.07,2.50,,
596,VIJAY COMMERCIAL CO OPERATIVE BANK LTD,0.20,3.98,0.10,4.03,,
597,VIKAS SOUHARDA CO OPERATIVE BANK LTD,2.84,39.42,1.87,42.25,,
598,VIKRAMADITYA NAGRIK SAHAKARI BANK,0.05,1.68,0.04,2.93,,
599,VILAS CO-OPERATIVE BANK LTD LATUR,0.18,1.95,0.05,1.42,,
600,VILLUPURAM DISTRICT CENTRAL COOPERATIVE BANK,0.80,11.80,0.42,11.20,,
601,VIRUDHUNAGAR DISTRICT CENTRAL COOPERATIVE BANK,0.44,6.05,0.22,6.72,,
602,VYAPARIK AUDHYOGIK SAHAKARI BANK LTD,0.00,0.02,0.00,0.15,,
603,VYAVSAYIK SAHKARI BANK LTD,0.05,0.60,0.02,0.83,,
604,WANA NAGRIK SAHAKARI BANK LTD,0.00,0.04,0.00,0.58,,
605,WARANGAL URBAN COOPERATIVE BANK LTD,0.41,9.77,0.27,10.65,,
606,YES BANK LIMITED,1039.70,21376.14,55717.45,201630.70,,
,ZILA SAHAKARI BANK LTD LAKHIMPUR KHERI,0.39,5.67,0.22,6.51,,
